-- Populating dim_date (30 days: Jan 1 to Jan 30, 2024)
INSERT INTO dim_date (date_key, full_date, day_of_week, day_of_month, month, month_name, quarter, year, is_weekend) VALUES 
(20240101, '2024-01-01', 'Monday', 1, 1, 'January', 'Q1', 2024, FALSE),
(20240102, '2024-01-02', 'Tuesday', 2, 1, 'January', 'Q1', 2024, FALSE),
(20240103, '2024-01-03', 'Wednesday', 3, 1, 'January', 'Q1', 2024, FALSE),
(20240104, '2024-01-04', 'Thursday', 4, 1, 'January', 'Q1', 2024, FALSE),
(20240105, '2024-01-05', 'Friday', 5, 1, 'January', 'Q1', 2024, FALSE),
(20240106, '2024-01-06', 'Saturday', 6, 1, 'January', 'Q1', 2024, TRUE),
(20240107, '2024-01-07', 'Sunday', 7, 1, 'January', 'Q1', 2024, TRUE),
(20240108, '2024-01-08', 'Monday', 8, 1, 'January', 'Q1', 2024, FALSE),
(20240109, '2024-01-09', 'Tuesday', 9, 1, 'January', 'Q1', 2024, FALSE),
(20240110, '2024-01-10', 'Wednesday', 10, 1, 'January', 'Q1', 2024, FALSE),
(20240111, '2024-01-11', 'Thursday', 11, 1, 'January', 'Q1', 2024, FALSE),
(20240112, '2024-01-12', 'Friday', 12, 1, 'January', 'Q1', 2024, FALSE),
(20240113, '2024-01-13', 'Saturday', 13, 1, 'January', 'Q1', 2024, TRUE),
(20240114, '2024-01-14', 'Sunday', 14, 1, 'January', 'Q1', 2024, TRUE),
(20240115, '2024-01-15', 'Monday', 15, 1, 'January', 'Q1', 2024, FALSE),
(20240116, '2024-01-16', 'Tuesday', 16, 1, 'January', 'Q1', 2024, FALSE),
(20240117, '2024-01-17', 'Wednesday', 17, 1, 'January', 'Q1', 2024, FALSE),
(20240118, '2024-01-18', 'Thursday', 18, 1, 'January', 'Q1', 2024, FALSE),
(20240119, '2024-01-19', 'Friday', 19, 1, 'January', 'Q1', 2024, FALSE),
(20240120, '2024-01-20', 'Saturday', 20, 1, 'January', 'Q1', 2024, TRUE),
(20240121, '2024-01-21', 'Sunday', 21, 1, 'January', 'Q1', 2024, TRUE),
(20240122, '2024-01-22', 'Monday', 22, 1, 'January', 'Q1', 2024, FALSE),
(20240123, '2024-01-23', 'Tuesday', 23, 1, 'January', 'Q1', 2024, FALSE),
(20240124, '2024-01-24', 'Wednesday', 24, 1, 'January', 'Q1', 2024, FALSE),
(20240125, '2024-01-25', 'Thursday', 25, 1, 'January', 'Q1', 2024, FALSE),
(20240126, '2024-01-26', 'Friday', 26, 1, 'January', 'Q1', 2024, FALSE),
(20240127, '2024-01-27', 'Saturday', 27, 1, 'January', 'Q1', 2024, TRUE),
(20240128, '2024-01-28', 'Sunday', 28, 1, 'January', 'Q1', 2024, TRUE),
(20240129, '2024-01-29', 'Monday', 29, 1, 'January', 'Q1', 2024, FALSE),
(20240130, '2024-01-30', 'Tuesday', 30, 1, 'January', 'Q1', 2024, FALSE);

-- Populating dim_product (15 products, 3 categories)
INSERT INTO dim_product (product_id, product_name, category, subcategory, unit_price) VALUES
('P001', 'Smartphone Alpha', 'Electronics', 'Mobile', 45000.00),
('P002', 'Laptop Pro 15', 'Electronics', 'Laptop', 85000.00),
('P003', 'Wireless Earbuds', 'Electronics', 'Audio', 5000.00),
('P004', '4K Monitor', 'Electronics', 'Monitor', 30000.00),
('P005', 'Smart Watch Gen 2', 'Electronics', 'Wearable', 15000.00),
('P006', 'Men Slim Jeans', 'Fashion', 'Clothing', 2500.00),
('P007', 'Running Shoes', 'Fashion', 'Footwear', 4000.00),
('P008', 'Casual T-Shirt', 'Fashion', 'Clothing', 800.00),
('P009', 'Formal Shirt', 'Fashion', 'Clothing', 1800.00),
('P010', 'Leather Belt', 'Fashion', 'Accessories', 1200.00),
('P011', 'Organic Tea', 'Grocery', 'Beverages', 450.00),
('P012', 'Almonds 500g', 'Grocery', 'Dry Fruits', 600.00),
('P013', 'Olive Oil 1L', 'Grocery', 'Cooking Oil', 900.00),
('P014', 'Whole Wheat Atta', 'Grocery', 'Staples', 400.00),
('P015', 'Basmati Rice 5kg', 'Grocery', 'Staples', 850.00);

-- Populating dim_customer (12 customers, 4 cities)
INSERT INTO dim_customer (customer_id, customer_name, city, state, customer_segment) VALUES
('C001', 'Rahul Sharma', 'Mumbai', 'Maharashtra', 'Premium'),
('C002', 'Priya Patel', 'Mumbai', 'Maharashtra', 'Regular'),
('C003', 'Amit Singh', 'Delhi', 'Delhi', 'Regular'),
('C004', 'Sneha Gupta', 'Delhi', 'Delhi', 'Premium'),
('C005', 'Vikram Rao', 'Bangalore', 'Karnataka', 'Corporate'),
('C006', 'Anand Kumar', 'Bangalore', 'Karnataka', 'Regular'),
('C007', 'Kavita Reddy', 'Hyderabad', 'Telangana', 'Premium'),
('C008', 'John Dsouza', 'Mumbai', 'Maharashtra', 'Regular'),
('C009', 'Fatima Khan', 'Delhi', 'Delhi', 'Regular'),
('C010', 'Arjun Nair', 'Bangalore', 'Karnataka', 'Corporate'),
('C011', 'Meera Joshi', 'Hyderabad', 'Telangana', 'Regular'),
('C012', 'Suresh Iyer', 'Mumbai', 'Maharashtra', 'Premium');

-- Populating fact_sales (40 transactions)
-- Sales Key is auto-increment.
-- Linking valid date_keys (20240101-20240130), product_keys (1-15), customer_keys (1-12)
INSERT INTO fact_sales (date_key, product_key, customer_key, quantity_sold, unit_price, discount_amount, total_amount) VALUES
(20240101, 1, 1, 1, 45000.00, 2000.00, 43000.00),
(20240101, 6, 2, 2, 2500.00, 0.00, 5000.00),
(20240102, 11, 3, 5, 450.00, 50.00, 2200.00),
(20240103, 2, 4, 1, 85000.00, 5000.00, 80000.00),
(20240103, 7, 5, 1, 4000.00, 0.00, 4000.00),
(20240104, 12, 6, 3, 600.00, 0.00, 1800.00),
(20240105, 3, 7, 2, 5000.00, 500.00, 9500.00),
(20240106, 8, 8, 4, 800.00, 100.00, 3100.00),
(20240106, 13, 9, 2, 900.00, 0.00, 1800.00),
(20240107, 4, 10, 1, 30000.00, 1500.00, 28500.00),
(20240107, 9, 11, 2, 1800.00, 0.00, 3600.00),
(20240108, 14, 12, 10, 400.00, 200.00, 3800.00),
(20240109, 5, 1, 1, 15000.00, 500.00, 14500.00),
(20240110, 10, 2, 1, 1200.00, 0.00, 1200.00),
(20240111, 15, 3, 5, 850.00, 100.00, 4150.00),
(20240112, 1, 4, 2, 45000.00, 4000.00, 86000.00),
(20240113, 6, 5, 3, 2500.00, 500.00, 7000.00),
(20240114, 11, 6, 4, 450.00, 0.00, 1800.00),
(20240115, 2, 7, 1, 85000.00, 0.00, 85000.00),
(20240116, 7, 8, 2, 4000.00, 400.00, 7600.00),
(20240117, 12, 9, 1, 600.00, 0.00, 600.00),
(20240118, 3, 10, 3, 5000.00, 0.00, 15000.00),
(20240119, 8, 11, 5, 800.00, 200.00, 3800.00),
(20240120, 13, 12, 2, 900.00, 50.00, 1750.00),
(20240121, 4, 1, 2, 30000.00, 2000.00, 58000.00),
(20240122, 9, 2, 1, 1800.00, 0.00, 1800.00),
(20240123, 14, 3, 5, 400.00, 0.00, 2000.00),
(20240124, 5, 4, 2, 15000.00, 1000.00, 29000.00),
(20240125, 10, 5, 1, 1200.00, 0.00, 1200.00),
(20240126, 15, 6, 4, 850.00, 150.00, 3250.00),
(20240127, 2, 7, 1, 85000.00, 8000.00, 77000.00), -- Weekend, big purchase
(20240127, 12, 1, 10, 600.00, 100.00, 5900.00),
(20240128, 1, 8, 1, 45000.00, 0.00, 45000.00),
(20240128, 3, 9, 2, 5000.00, 0.00, 10000.00),
(20240129, 6, 10, 2, 2500.00, 200.00, 4800.00),
(20240130, 11, 11, 6, 450.00, 50.00, 2650.00),
(20240130, 4, 12, 1, 30000.00, 0.00, 30000.00),
(20240106, 7, 2, 2, 4000.00, 0.00, 8000.00), -- Extra weekend sales
(20240107, 13, 3, 1, 900.00, 0.00, 900.00),
(20240113, 5, 4, 1, 15000.00, 0.00, 15000.00);
